img_name,predicted_age
seed100456.png,31
seed100735.png,6
seed100813.png,40
seed101021.png,38
seed104668.png,4
seed104677.png,6
seed10657.png,48
seed106792.png,48
seed107020.png,27
seed107403.png,20
seed10764.png,32
seed10772.png,31
seed108333.png,43
seed109272.png,54
seed109679.png,31
seed109876.png,32
seed11364.png,20
seed115601.png,31
seed116042.png,46
seed117258.png,49
seed119320.png,25
seed119550.png,31
seed119748.png,20
seed119933.png,10
seed120502.png,27
seed121911.png,20
seed123338.png,6
seed123727.png,32
seed124615.png,35
seed124686.png,27
seed126525.png,63
seed128894.png,38
seed129371.png,27
seed132293.png,27
seed133340.png,25
seed135352.png,35
seed136490.png,4
seed13658.png,20
seed140266.png,4
seed141921.png,25
seed145166.png,11
seed145580.png,20
seed14613.png,6
seed146724.png,32
seed147958.png,2
seed15048.png,54
seed151547.png,32
seed151568.png,27
seed152265.png,35
seed152737.png,27
seed1531.png,17
seed154552.png,53
seed155048.png,40
seed156443.png,32
seed159171.png,31
seed159179.png,54
seed159559.png,15
seed159676.png,27
seed160505.png,32
seed161850.png,3
seed16214.png,20
seed164084.png,20
seed166485.png,31
seed167330.png,63
seed167464.png,32
seed170566.png,28
seed1726.png,20
seed172602.png,11
seed172737.png,31
seed174269.png,20
seed17495.png,43
seed176470.png,45
seed176806.png,30
seed176871.png,4
seed178383.png,63
seed182206.png,27
seed18327.png,22
seed184049.png,20
seed185979.png,63
seed186832.png,32
seed188396.png,40
seed188602.png,38
seed189348.png,10
seed189568.png,31
seed189841.png,25
seed190303.png,20
seed19077.png,31
seed192818.png,32
seed194366.png,6
seed195248.png,25
seed195261.png,28
seed196159.png,54
seed196327.png,49
seed197020.png,38
seed197529.png,27
seed198306.png,27
seed199498.png,20
seed199801.png,36
seed200371.png,35
seed200832.png,1
seed204339.png,27
seed205096.png,27
seed206110.png,20
seed206343.png,6
seed206587.png,54
seed206611.png,27
seed206747.png,45
seed207078.png,20
seed207354.png,38
seed208420.png,6
seed208607.png,27
seed208716.png,54
seed208903.png,4
seed211458.png,35
seed21242.png,28
seed212772.png,54
seed213224.png,31
seed21445.png,32
seed216618.png,20
seed219453.png,6
seed220011.png,27
seed220904.png,32
seed221720.png,6
seed222224.png,17
seed223186.png,31
seed224419.png,27
seed225815.png,4
seed226333.png,75
seed228187.png,31
seed229091.png,52
seed229537.png,32
seed22973.png,48
seed22994.png,40
seed23110.png,28
seed231266.png,32
seed232755.png,63
seed234790.png,25
seed23535.png,20
seed235689.png,27
seed236543.png,27
seed237379.png,4
seed238558.png,63
seed24114.png,32
seed241264.png,20
seed242733.png,49
seed243647.png,1
seed244136.png,52
seed245507.png,40
seed245646.png,20
seed246379.png,17
seed248038.png,32
seed248149.png,6
seed248256.png,25
seed248702.png,46
seed249246.png,27
seed250003.png,31
seed250898.png,27
seed2509.png,43
seed251564.png,54
seed252578.png,20
seed253333.png,49
seed253453.png,31
seed255578.png,40
seed255688.png,40
seed256236.png,17
seed256640.png,5
seed257223.png,10
seed257224.png,27
seed258041.png,54
seed2582.png,4
seed259026.png,35
seed259903.png,54
seed260535.png,38
seed260939.png,20
seed261308.png,20
seed262121.png,20
seed262304.png,10
seed262439.png,27
seed262858.png,40
seed262935.png,20
seed264118.png,31
seed264638.png,4
seed264914.png,38
seed267009.png,46
seed267283.png,31
seed268157.png,20
seed270261.png,27
seed27201.png,52
seed272970.png,20
seed276753.png,28
seed277060.png,36
seed280186.png,27
seed280203.png,20
seed281836.png,45
seed281964.png,1
seed282710.png,31
seed285073.png,25
seed288971.png,20
seed289974.png,32
seed290301.png,54
seed291170.png,27
seed291581.png,28
seed291612.png,20
seed293215.png,20
seed294159.png,54
seed294482.png,28
seed294495.png,4
seed295176.png,20
seed296090.png,40
seed297039.png,43
seed298415.png,32
seed29882.png,27
seed299585.png,48
seed301612.png,4
seed301792.png,6
seed302300.png,31
seed303446.png,10
seed305673.png,4
seed307029.png,31
seed308078.png,4
seed309076.png,4
seed309238.png,1
seed309335.png,27
seed309352.png,1
seed309939.png,11
seed312240.png,20
seed313254.png,20
seed315619.png,4
seed316117.png,20
seed317175.png,27
seed319028.png,6
seed319722.png,27
seed31999.png,27
seed321361.png,45
seed321623.png,28
seed322307.png,6
seed32259.png,63
seed322888.png,43
seed322989.png,2
seed324265.png,31
seed324834.png,27
seed324943.png,20
seed325017.png,49
seed325087.png,27
seed325327.png,40
seed326526.png,27
seed327082.png,2
seed327568.png,3
seed328188.png,20
seed330164.png,54
seed330601.png,17
seed330709.png,20
seed331547.png,27
seed331669.png,40
seed331767.png,20
seed332304.png,6
seed333255.png,40
seed336467.png,6
seed337846.png,20
seed337955.png,6
seed338198.png,31
seed338886.png,20
seed339663.png,20
seed339936.png,32
seed340781.png,4
seed341008.png,35
seed341995.png,25
seed342982.png,49
seed343554.png,45
seed345401.png,20
seed3462.png,20
seed346585.png,54
seed349771.png,20
seed351458.png,1
seed351854.png,31
seed353849.png,6
seed35427.png,3
seed35459.png,25
seed35476.png,4
seed355551.png,31
seed357786.png,27
seed358832.png,54
seed358899.png,6
seed360837.png,31
seed361503.png,23
seed362471.png,54
seed362546.png,54
seed362798.png,2
seed363560.png,20
seed363636.png,4
seed363973.png,54
seed365376.png,20
seed366042.png,48
seed367005.png,54
seed367059.png,31
seed367303.png,32
seed368243.png,63
seed369103.png,35
seed369140.png,36
seed369187.png,27
seed369308.png,54
seed369436.png,49
seed371134.png,25
seed371414.png,32
seed371532.png,27
seed37326.png,27
seed374411.png,25
seed374453.png,20
seed374463.png,6
seed374812.png,20
seed375075.png,35
seed375869.png,54
seed37656.png,27
seed377784.png,32
seed378255.png,27
seed378715.png,4
seed378809.png,4
seed379854.png,45
seed380300.png,20
seed382439.png,27
seed382835.png,31
seed383051.png,25
seed384640.png,32
seed384723.png,49
seed387463.png,43
seed387684.png,40
seed389925.png,32
seed390083.png,27
seed391451.png,35
seed392048.png,27
seed393452.png,27
seed393728.png,27
seed394910.png,1
seed398009.png,4
seed400035.png,23
seed402172.png,54
seed403949.png,27
seed404698.png,6
seed406586.png,49
seed407638.png,27
seed408266.png,4
seed408505.png,27
seed408998.png,46
seed409463.png,31
seed40990.png,20
seed410137.png,20
seed410613.png,27
seed411436.png,32
seed412619.png,27
seed414873.png,32
seed415662.png,27
seed416730.png,23
seed417089.png,20
seed417165.png,40
seed41821.png,40
seed419975.png,2
seed420998.png,32
seed42100.png,20
seed421671.png,4
seed423513.png,27
seed423774.png,6
seed423891.png,31
seed424384.png,31
seed424535.png,6
seed42539.png,25
seed425645.png,54
seed425931.png,6
seed426146.png,40
seed42618.png,20
seed428350.png,4
seed430318.png,1
seed431529.png,38
seed431928.png,32
seed432117.png,32
seed432630.png,27
seed433834.png,20
seed434859.png,38
seed436201.png,32
seed436942.png,1
seed437456.png,40
seed439249.png,31
seed440057.png,32
seed4424.png,54
seed443316.png,49
seed443606.png,1
seed444398.png,6
seed445382.png,4
seed448105.png,36
seed448928.png,40
seed4505.png,17
seed451031.png,3
seed452212.png,20
seed457789.png,40
seed458513.png,40
seed459070.png,4
seed459561.png,28
seed460236.png,27
seed460645.png,40
seed460931.png,36
seed462128.png,1
seed462619.png,49
seed463396.png,20
seed464509.png,1
seed464796.png,4
seed464956.png,27
seed464970.png,27
seed466034.png,49
seed466996.png,31
seed467389.png,27
seed469215.png,1
seed470635.png,1
seed470738.png,54
seed474651.png,20
seed477655.png,25
seed478532.png,6
seed478947.png,27
seed480566.png,27
seed480607.png,6
seed480625.png,23
seed481963.png,4
seed482417.png,63
seed483173.png,6
seed48366.png,38
seed484136.png,4
seed485702.png,20
seed48715.png,3
seed488281.png,43
seed488506.png,6
seed488826.png,36
seed48991.png,15
seed490751.png,32
seed491040.png,32
seed491918.png,40
seed492903.png,6
seed495706.png,32
seed497229.png,54
seed498612.png,20
seed499431.png,35
seed499434.png,4
seed499909.png,6
seed500683.png,32
seed501683.png,10
seed503197.png,45
seed503424.png,20
seed504688.png,54
seed505149.png,49
seed505302.png,40
seed505365.png,20
seed505930.png,4
seed50608.png,6
seed507745.png,4
seed50781.png,20
seed508640.png,4
seed508650.png,40
seed509032.png,35
seed509198.png,25
seed510077.png,54
seed510166.png,20
seed51234.png,54
seed512545.png,20
seed514229.png,4
seed514625.png,31
seed514626.png,32
seed51489.png,27
seed515952.png,20
seed516094.png,6
seed516572.png,43
seed516735.png,3
seed517586.png,6
seed517807.png,1
seed517869.png,49
seed520031.png,25
seed520447.png,20
seed520802.png,11
seed521149.png,6
seed521540.png,6
seed522190.png,27
seed525016.png,3
seed526889.png,54
seed527196.png,6
seed527619.png,31
seed528041.png,1
seed528847.png,27
seed529745.png,3
seed530618.png,32
seed531751.png,49
seed531879.png,36
seed533280.png,32
seed533358.png,40
seed535472.png,27
seed53579.png,54
seed536046.png,6
seed537485.png,46
seed537822.png,48
seed538784.png,10
seed539711.png,76
seed541167.png,12
seed54228.png,35
seed542793.png,20
seed544925.png,27
seed546404.png,1
seed546964.png,31
seed547110.png,1
seed547334.png,40
seed548595.png,20
seed548778.png,32
seed549316.png,17
seed550912.png,32
seed551428.png,20
seed551957.png,27
seed552186.png,32
seed552551.png,40
seed552949.png,27
seed553803.png,4
seed554857.png,40
seed555442.png,6
seed555533.png,40
seed555624.png,27
seed55619.png,20
seed556957.png,6
seed558133.png,39
seed560571.png,1
seed562738.png,48
seed565016.png,10
seed566134.png,46
seed567879.png,31
seed569960.png,20
seed57082.png,1
seed572322.png,31
seed572958.png,4
seed573813.png,1
seed57475.png,28
seed576609.png,20
seed577414.png,6
seed577862.png,4
seed578403.png,20
seed579606.png,76
seed579837.png,6
seed580106.png,32
seed581374.png,11
seed583467.png,11
seed584115.png,27
seed584137.png,27
seed584241.png,4
seed585323.png,25
seed586341.png,26
seed588858.png,4
seed591398.png,11
seed593280.png,27
seed593796.png,31
seed594181.png,49
seed595190.png,6
seed595990.png,52
seed596251.png,20
seed597028.png,17
seed597132.png,28
seed598038.png,27
seed599109.png,3
seed599219.png,20
seed599676.png,27
seed600044.png,20
seed60097.png,6
seed60103.png,27
seed602698.png,32
seed603151.png,45
seed605759.png,54
seed606856.png,20
seed607253.png,1
seed609931.png,27
seed610445.png,27
seed612010.png,32
seed612256.png,20
seed612678.png,15
seed614093.png,49
seed614328.png,22
seed614455.png,1
seed615152.png,27
seed616145.png,31
seed616878.png,49
seed61790.png,54
seed619789.png,28
seed624098.png,27
seed627165.png,31
seed627891.png,20
seed628575.png,20
seed629243.png,15
seed629445.png,20
seed632110.png,20
seed634929.png,4
seed6362.png,4
seed637235.png,31
seed641605.png,25
seed642355.png,2
seed64298.png,27
seed643895.png,10
seed644788.png,6
seed645880.png,20
seed647730.png,6
seed64901.png,20
seed649307.png,32
seed650763.png,20
seed651040.png,20
seed651379.png,32
seed653040.png,1
seed653291.png,4
seed654155.png,31
seed655023.png,20
seed655874.png,20
seed657454.png,32
seed658027.png,20
seed659215.png,20
seed659443.png,54
seed659930.png,4
seed662524.png,31
seed662730.png,20
seed664070.png,40
seed664215.png,31
seed665126.png,3
seed66530.png,54
seed666151.png,20
seed666236.png,1
seed666450.png,32
seed666529.png,6
seed666994.png,6
seed66814.png,6
seed668425.png,28
seed671115.png,2
seed671948.png,11
seed672895.png,27
seed6733.png,20
seed674645.png,43
seed674807.png,35
seed67525.png,20
seed675351.png,31
seed675523.png,32
seed675573.png,27
seed675803.png,20
seed676049.png,27
seed67634.png,25
seed677905.png,54
seed678345.png,54
seed680952.png,1
seed6811.png,36
seed681867.png,6
seed683450.png,4
seed6841.png,4
seed684400.png,40
seed684764.png,27
seed687649.png,20
seed688088.png,6
seed688412.png,20
seed68958.png,4
seed690049.png,6
seed69032.png,45
seed693535.png,27
seed694966.png,50
seed696021.png,35
seed696257.png,20
seed696384.png,54
seed697011.png,20
seed698218.png,27
seed699857.png,49
seed700834.png,27
seed70242.png,28
seed705438.png,40
seed706243.png,1
seed70655.png,27
seed706582.png,43
seed707244.png,54
seed707307.png,20
seed708330.png,20
seed708494.png,27
seed70997.png,10
seed710112.png,6
seed711093.png,31
seed711789.png,31
seed711827.png,31
seed712088.png,27
seed7132.png,20
seed715487.png,6
seed716676.png,40
seed717289.png,31
seed718122.png,2
seed7185.png,54
seed718978.png,20
seed719329.png,32
seed72056.png,46
seed720894.png,63
seed720905.png,4
seed721792.png,1
seed722830.png,20
seed723701.png,4
seed724572.png,1
seed724620.png,46
seed725125.png,31
seed726799.png,32
seed730023.png,20
seed730126.png,20
seed730360.png,54
seed736721.png,20
seed737158.png,10
seed739077.png,40
seed740426.png,32
seed740845.png,25
seed741138.png,15
seed741150.png,45
seed741331.png,27
seed741430.png,39
seed742527.png,40
seed742737.png,10
seed744068.png,20
seed745717.png,20
seed746265.png,4
seed747260.png,49
seed74739.png,20
seed747963.png,49
seed750010.png,36
seed750552.png,40
seed751914.png,20
seed751954.png,4
seed752054.png,28
seed755684.png,4
seed758049.png,6
seed758095.png,27
seed76007.png,36
seed760176.png,1
seed762682.png,28
seed76296.png,20
seed764352.png,4
seed764537.png,63
seed765864.png,31
seed765895.png,32
seed76606.png,6
seed767129.png,27
seed767139.png,20
seed768405.png,20
seed768703.png,6
seed769064.png,6
seed770518.png,11
seed77258.png,25
seed772634.png,32
seed772783.png,54
seed773097.png,20
seed77339.png,1
seed77359.png,31
seed774147.png,20
seed775166.png,12
seed775660.png,39
seed775725.png,50
seed77612.png,63
seed77649.png,63
seed777834.png,43
seed77849.png,27
seed778928.png,45
seed779184.png,20
seed780427.png,43
seed780820.png,31
seed78117.png,46
seed782126.png,31
seed783174.png,28
seed783362.png,31
seed785415.png,14
seed786284.png,38
seed787621.png,6
seed787909.png,49
seed788171.png,6
seed788863.png,6
seed792517.png,32
seed793210.png,27
seed79439.png,20
seed797155.png,1
seed797509.png,26
seed797946.png,4
seed798069.png,22
seed798471.png,27
seed798878.png,49
seed798996.png,6
seed799294.png,32
seed799379.png,3
seed800281.png,40
seed802508.png,1
seed803843.png,20
seed804079.png,31
seed808414.png,27
seed809887.png,31
seed810152.png,54
seed810304.png,27
seed811406.png,27
seed81257.png,3
seed81276.png,32
seed814768.png,27
seed816516.png,12
seed816554.png,40
seed816609.png,4
seed817411.png,4
seed819098.png,27
seed819227.png,25
seed819681.png,20
seed819736.png,4
seed821168.png,6
seed821676.png,28
seed822696.png,27
seed823405.png,28
seed823508.png,3
seed825101.png,32
seed825383.png,30
seed826149.png,4
seed826646.png,45
seed827701.png,6
seed828186.png,20
seed828286.png,31
seed828328.png,45
seed829875.png,4
seed831258.png,27
seed832282.png,6
seed83248.png,31
seed832511.png,20
seed833177.png,27
seed83356.png,20
seed833685.png,27
seed834434.png,20
seed834781.png,63
seed83492.png,31
seed835754.png,4
seed835999.png,20
seed83641.png,40
seed836744.png,27
seed839020.png,20
seed841428.png,4
seed841902.png,20
seed842571.png,20
seed842735.png,6
seed844006.png,6
seed844026.png,1
seed845204.png,32
seed847087.png,30
seed847106.png,20
seed849977.png,31
seed852327.png,35
seed854043.png,63
seed854853.png,40
seed856478.png,36
seed856549.png,4
seed85768.png,31
seed859688.png,31
seed861205.png,6
seed861297.png,32
seed862074.png,20
seed862521.png,6
seed864628.png,20
seed866444.png,45
seed866882.png,20
seed867059.png,4
seed867376.png,38
seed870230.png,54
seed870888.png,4
seed87267.png,38
seed873702.png,32
seed874308.png,54
seed87583.png,54
seed879380.png,27
seed879877.png,6
seed880656.png,27
seed88167.png,20
seed881727.png,46
seed881972.png,31
seed883653.png,1
seed884716.png,20
seed885018.png,27
seed885696.png,6
seed886433.png,27
seed887729.png,54
seed887807.png,31
seed889637.png,6
seed889784.png,20
seed889935.png,25
seed891342.png,2
seed891391.png,43
seed891584.png,1
seed891679.png,15
seed891947.png,20
seed893110.png,31
seed893744.png,4
seed89378.png,35
seed895647.png,17
seed896094.png,20
seed896264.png,20
seed896848.png,11
seed897191.png,27
seed898018.png,26
seed899619.png,45
seed899665.png,20
seed900191.png,20
seed9007.png,31
seed901136.png,31
seed901237.png,1
seed903613.png,11
seed905645.png,27
seed906071.png,27
seed90682.png,63
seed911070.png,25
seed913962.png,27
seed915248.png,35
seed915440.png,50
seed915502.png,43
seed917767.png,27
seed919216.png,46
seed921928.png,31
seed923593.png,28
seed924168.png,17
seed924896.png,45
seed926367.png,31
seed927245.png,54
seed92917.png,54
seed930934.png,32
seed931220.png,28
seed93152.png,20
seed934670.png,27
seed935229.png,6
seed935309.png,27
seed935777.png,1
seed936981.png,27
seed937987.png,17
seed938377.png,31
seed94178.png,27
seed942891.png,27
seed943026.png,27
seed94325.png,20
seed944409.png,32
seed945153.png,27
seed948120.png,6
seed948909.png,38
seed949507.png,36
seed950302.png,45
seed953369.png,6
seed953640.png,27
seed954203.png,36
seed954295.png,20
seed955055.png,20
seed95580.png,6
seed95705.png,43
seed957259.png,1
seed957390.png,4
seed959239.png,22
seed959887.png,4
seed960292.png,6
seed960336.png,26
seed962071.png,6
seed962605.png,35
seed963626.png,36
seed964000.png,14
seed964407.png,20
seed966217.png,2
seed96657.png,4
seed966816.png,38
seed968930.png,63
seed969562.png,6
seed971055.png,6
seed971832.png,63
seed97220.png,20
seed972641.png,27
seed973291.png,20
seed97540.png,20
seed976170.png,6
seed976798.png,46
seed977038.png,40
seed97752.png,54
seed978350.png,20
seed979102.png,20
seed979564.png,35
seed979901.png,38
seed980028.png,1
seed980497.png,4
seed980982.png,28
seed982212.png,27
seed982273.png,63
seed982448.png,4
seed983138.png,20
seed983580.png,4
seed98393.png,43
seed984535.png,27
seed985035.png,28
seed985262.png,6
seed986712.png,6
seed986763.png,40
seed987198.png,63
seed98887.png,63
seed98970.png,6
seed989710.png,40
seed990300.png,45
seed992409.png,38
seed992776.png,38
seed994842.png,20
seed994882.png,28
seed997495.png,32
seed997847.png,40
seed998377.png,49
seed998742.png,14
seed999188.png,30
seed999872.png,1
